structure,n,position,operation,avg_time_ns,theoretical
DynamicArray,100,begin,insert,1819140.0,O(n)
DynamicArray,100,begin,remove,95320.0,O(n)
DynamicArray,100,middle,insert,503920.0,O(n)
DynamicArray,100,middle,remove,16020.0,O(n)
LinkedList,100,begin,insert,104080.0,O(1)
LinkedList,100,begin,remove,26940.0,O(1)
LinkedList,100,middle,insert,104160.0,O(n)
LinkedList,100,middle,remove,9940.0,O(n)
DynamicArray,1000,begin,insert,1313000.0,O(n)
DynamicArray,1000,begin,remove,521740.0,O(n)
DynamicArray,1000,middle,insert,780360.0,O(n)
DynamicArray,1000,middle,remove,169460.0,O(n)
LinkedList,1000,begin,insert,43620.0,O(1)
LinkedList,1000,begin,remove,75320.0,O(1)
LinkedList,1000,middle,insert,626260.0,O(n)
LinkedList,1000,middle,remove,222820.0,O(n)
DynamicArray,10000,begin,insert,7518420.0,O(n)
DynamicArray,10000,begin,remove,6900600.0,O(n)
DynamicArray,10000,middle,insert,4186500.0,O(n)
DynamicArray,10000,middle,remove,3264200.0,O(n)
LinkedList,10000,begin,insert,33080.0,O(1)
LinkedList,10000,begin,remove,57060.0,O(1)
LinkedList,10000,middle,insert,6105340.0,O(n)
LinkedList,10000,middle,remove,5463500.0,O(n)
DynamicArray,100000,begin,insert,9.664352E7,O(n)
DynamicArray,100000,begin,remove,9.691634E7,O(n)
DynamicArray,100000,middle,insert,4.868832E7,O(n)
DynamicArray,100000,middle,remove,4.774054E7,O(n)
LinkedList,100000,begin,insert,11680.0,O(1)
LinkedList,100000,begin,remove,6620.0,O(1)
LinkedList,100000,middle,insert,6.099008E7,O(n)
LinkedList,100000,middle,remove,6.022566E7,O(n)
